[{"author_id":"1855317619","geo":{"place_id":"01af894d0e430d75"},"id":"1374088597272416264","created_at":"2021-03-22T20:00:25.000Z","text":"@MohammdBuFaisal 5000 الاف غرامه قتل الحيوانات البرية","place_info":{"geo":{"type":"Feature","bbox":[49.7674653,26.1453713,50.2216263,26.5618119],"properties":{},"center":[49.9945458,26.3535916]},"name":"Dammam","full_name":"Dammam, Kingdom of Saudi Arabia","id":"01af894d0e430d75","place_type":"city"}},{"author_id":"1627735681","geo":{"place_id":"0e5a1aeadf14d000"},"id":"1374079009215164422","created_at":"2021-03-22T19:22:19.000Z","text":"يوم الحياة البرية\n\n يحتوي البرنامج على:\n🔷 مادة أكاديمية وعلمية مختصرة عن الحياة البرية ..\n🔶 خبرات عملية في مجال طب وعلاج الحيوانات البرية ..\n🔷 نبذة عن حقوق رفاه الحيوان والقوانين الخاصة بها ..\n🔶 تجربة شاب سوادني مع الحياة البرية وتصوير الأفلام الوثائقية ..","place_info":{"geo":{"type":"Feature","bbox":[32.3785257,15.5157108,32.5349603,15.7704474],"properties":{},"center":[32.456743,15.643079100000001]},"name":"Omdurman","full_name":"Omdurman","id":"0e5a1aeadf14d000","place_type":"city"}},{"author_id":"1584294234","geo":{"place_id":"00a4bbcc0dcd7572"},"id":"1373769803098390530","attachments":{"media_keys":["7_1373769756512256002"]},"created_at":"2021-03-21T22:53:39.000Z","text":"أؤمن ان الحيوانات مكانها في البرية، تعيش ع الفطرة التي خلقت بها. لا أجدها من الانسانية حبس الحيوانات و حرمانها من الطبيعة أو عدم توفير البيئة المناسبة لهم لممارسة حياتهم الفطرية. أضع كل يوم في بلكونة منزلي الحبوب المناسبة لطيور ولاية تكساس، و كلما زاروني ازددت سعادة🥰 https://t.co/4cQx0bU2qR","place_info":{"geo":{"type":"Feature","bbox":[-96.37703,30.520359,-96.206267,30.6505837],"properties":{},"center":[-96.29164850000001,30.58547135]},"name":"College Station","full_name":"College Station, TX","id":"00a4bbcc0dcd7572","place_type":"city"},"media_url":"https://pbs.twimg.com/ext_tw_video_thumb/1373769756512256002/pu/img/GnXqPGHcITECB-qG.jpg"}]