[{"author_id":"1281918810","created_at":"2021-03-28T05:48:39.000Z","id":"1376048569753464832","attachments":{"media_keys":["3_1376048541253181440"]},"geo":{"place_id":"586f3cb9f77db60f"},"text":"Debout de bonne heure pour assurer les soins aux animaux. Je suis un maillon essentiel de notre souveraineté alimentation et du maintien d une flore et faune dont tout un chacun profite au quotidien. Pourtant j existe si peu devant le pouvoir législatif. Je suis #AGRICULTRICE https://t.co/v6VTPaiGB4","place_info":{"place_type":"city","geo":{"type":"Feature","bbox":[-2.4178536,48.60547,-2.3241291,48.6619416],"properties":{},"center":[-2.3709913499999997,48.6337058]},"id":"586f3cb9f77db60f","name":"Fréhel","full_name":"Fréhel, France"},"media_url":"https://pbs.twimg.com/media/Exi0248XIAAZi_M.jpg"},{"author_id":"28994859","created_at":"2021-03-28T04:41:15.000Z","id":"1376031608671662084","geo":{"place_id":"01120f703ae9184a"},"text":"@NewsInt_ @lsjngs 😳😳😳\n\nLa faune et la flore de ces rivières ne sont pas sensés avoir besoin de soleil?\n\nAux dernières nouvelles, il me semblait que le soleil était toujours nécessaire, mais bon, j’ai peut-être raté un épisode.","place_info":{"place_type":"admin","geo":{"type":"Feature","bbox":[115.421372,39.43277,117.501099,41.05999],"properties":{},"center":[116.4612355,40.24638]},"id":"01120f703ae9184a","name":"Beijing","full_name":"Beijing, People's Republic of China"}},{"id":"1375835675375894538","geo":{"place_id":"54bef12d29747c5d"},"text":"@MRLTine Tu peux le dire...\nNous, on est là pour tout niquer..!!\nQue ce soit la faune, la flore....\nC’est ahurissant...\nJ’ai peur de voir dans quel monde mes enfants vont grandir..!!😔😔😔😔😞😞😞","created_at":"2021-03-27T15:42:41.000Z","author_id":"1363813730824372231","place_info":{"name":"Brest","geo":{"type":"Feature","bbox":[-4.5689054,48.3572024,-4.4301982,48.4590436],"properties":{},"center":[-4.499551800000001,48.408123]},"place_type":"city","id":"54bef12d29747c5d","full_name":"Brest, France"}},{"id":"1375789476425953280","geo":{"place_id":"0fc31a517c941000"},"text":"Spectaculaire joyau de @Northern_Norway,séparant l’archipel de @VisitVesteralen de celui des #Lofoten,le #Trollfjord,exploré chez @visitnorway, m’a littéralement envoûtée.\n\nEntre sa faune,ses eaux translucides, ses cascades et ses vertigineuses falaises,difficile de résister! https://t.co/WcOacDf0qH","created_at":"2021-03-27T12:39:06.000Z","author_id":"909720609751433221","attachments":{"media_keys":["7_1375789433748914178"]},"place_info":{"name":"Trollfjorden","geo":{"type":"Feature","bbox":[14.931522587262277,68.36283857043996,14.931522587262277,68.36283857043996],"properties":{},"center":[14.931522587262277,68.36283857043996]},"place_type":"poi","id":"0fc31a517c941000","full_name":"Trollfjorden"},"media_url":"https://pbs.twimg.com/ext_tw_video_thumb/1375789433748914178/pu/img/bZxNBftuhk__9fCZ.jpg"},{"author_id":"1309412256120213504","geo":{"place_id":"d9a9ce0076d5c018"},"id":"1375395244318064643","created_at":"2021-03-26T10:32:34.000Z","text":"@6PakI6to6 @alain_berset Oui dans une forêt, sur les panneaux présentant la faune locale, ou indicant les directions... ils sont graves !","place_info":{"id":"d9a9ce0076d5c018","geo":{"type":"Feature","bbox":[6.028512,46.181708,6.060314,46.199409],"properties":{},"center":[6.0444130000000005,46.1905585]},"full_name":"Aire-la-Ville, Suisse","place_type":"city","name":"Aire-la-Ville"}},{"author_id":"1379081640","geo":{"place_id":"48b1ffc1e8779e2f"},"id":"1375369813846016003","created_at":"2021-03-26T08:51:31.000Z","attachments":{"media_keys":["3_1375369811375620097"]},"text":"@_Yume_Wo_Miru_ J'y étais pendant quelques mois l'an dernier : \n- si tu fais un minimum attention la faune te fait rien.\n- en ville il y a vraiment rien de dangereux en terme d'animaux\n- il y a vraiment des paysages oufissime\n- les gens sur places sont souvents gentils / bien attentionnés https://t.co/7bEq2TFfwI","place_info":{"id":"48b1ffc1e8779e2f","geo":{"type":"Feature","bbox":[7.3535498,47.766176,7.4549785,47.8024506],"properties":{},"center":[7.4042641499999995,47.7843133]},"full_name":"Sausheim, France","place_type":"city","name":"Sausheim"},"media_url":"https://pbs.twimg.com/media/ExZLjnHXAAEnfXT.jpg"},{"author_id":"118530997","geo":{"place_id":"36775d842cbec509"},"id":"1375250318762577920","created_at":"2021-03-26T00:56:41.000Z","text":"@LucPelot 😆\nPour le moment il préfère la faune animale. Il croasse, fait la mouette et les écureuils.","place_info":{"id":"36775d842cbec509","geo":{"type":"Feature","bbox":[-73.972965,45.410095,-73.473085,45.705566],"properties":{},"center":[-73.723025,45.557830499999994]},"full_name":"Montréal, Québec","place_type":"city","name":"Montréal"}},{"text":"En @RegionNormandie, @Enedis adapte ses installations pour protéger la faune et la flore. \n\nPlusieurs partenariats sont ainsi engagés sur le territoire Normand notamment avec la Ligue Protectrice des Oiseaux @LPOFrance.🕊️ \n\n#sécurité #TransitionEcologique https://t.co/Eyub9tkkLF","id":"1375153234847936518","author_id":"2221180123","geo":{"place_id":"8e0b6cfe16a8e576"},"attachments":{"media_keys":["3_1375153225364598792"]},"created_at":"2021-03-25T18:30:54.000Z","place_info":{"place_type":"admin","name":"Upper Normandy","full_name":"Upper Normandy, France","geo":{"type":"Feature","bbox":[0.0664563,48.6663481,1.8025429,50.0725411],"properties":{},"center":[0.9344996,49.3694446]},"id":"8e0b6cfe16a8e576"},"media_url":"https://pbs.twimg.com/media/ExWGkpWW8AgF5Ab.jpg"},{"text":"Pour ceux qui ne le savaient pas encore là préservation de la faune, de la flore, l écologie reelle et locale sont le fer de lance ne nos députés européens @RNational_off . Des actes, des actes, des actes et du concret....très loin des clichés que l'on nous colle à tort https://t.co/XV3UmJheLt","id":"1375104007723700236","author_id":"1359396251972890624","geo":{"place_id":"4303d91696a0d989"},"created_at":"2021-03-25T15:15:18.000Z","place_info":{"place_type":"city","name":"La Glacerie","full_name":"La Glacerie, France","geo":{"type":"Feature","bbox":[-1.6463082,49.5807228,-1.5463257,49.6288209],"properties":{},"center":[-1.5963169499999998,49.60477185]},"id":"4303d91696a0d989"}},{"text":"@stepien_przemek @wyborcza3miasto @AnnaGorska_PL @partiarazem @B_Maciejewska @__Lewica Natomiast zdaje się, że nie jest tak że OZE to magiczna różdżka. Na pewno znasz temat nowych farm wiatrowych u wybrzeża Massachusetts. Wspaniała sprawa, ale trwają analizy jak to wpłynie na morską faunę i florę, prądy itp.","id":"1375096675262476291","author_id":"122626035","geo":{"place_id":"ea99ce81a0be080e"},"created_at":"2021-03-25T14:46:10.000Z","place_info":{"place_type":"city","name":"Gdynia","full_name":"Gdynia, Polska","geo":{"type":"Feature","bbox":[18.357961,54.422728,18.569358,54.58437],"properties":{},"center":[18.4636595,54.503549]},"id":"ea99ce81a0be080e"}},{"text":"@ellegist Prélude à l'après-midi d'un faune was one of my set works for A-Level. Beautiful.","id":"1375089447948128260","author_id":"20642584","geo":{"place_id":"3bc1b6cfd27ef7f6"},"created_at":"2021-03-25T14:17:26.000Z","place_info":{"place_type":"admin","name":"East","full_name":"East, England","geo":{"type":"Feature","bbox":[-0.745779800818049,51.4482221321091,1.76893599950184,52.9926789576249],"properties":{},"center":[0.5115780993418956,52.220450544867006]},"id":"3bc1b6cfd27ef7f6"}},{"created_at":"2021-03-25T11:59:59.000Z","id":"1375054857254670343","attachments":{"media_keys":["3_1375054850946428928"]},"geo":{"place_id":"0fc32a971bd5e000"},"text":"Le Champ-de-Mars est accueillant 🦆 #printemps #faune #vie #soleil #polMtl https://t.co/9Agn9910sB","author_id":"65371112","place_info":{"id":"0fc32a971bd5e000","place_type":"poi","full_name":"Édifice Lucien-Saulnier (Vieux palais de justice de Montréal)","geo":{"type":"Feature","bbox":[-73.55501174926758,45.50795596395778,-73.55501174926758,45.50795596395778],"properties":{},"center":[-73.55501174926758,45.50795596395778]},"name":"Édifice Lucien-Saulnier (Vieux palais de justice de Montréal)"},"media_url":"https://pbs.twimg.com/media/ExUtGgFW8AA3kZ5.jpg"},{"geo":{"place_id":"110c9b31c41706b0"},"id":"1374650984874528771","created_at":"2021-03-24T09:15:09.000Z","text":"@florencehabets @agpm_mais @EricFretillere @cduroc @Battegay1 @Aquanide @jmleluc @Adour_Garonne @INRAE_France 😉Venez voir sur nos exploitations vous serez surprise de l'intérêt de l'irrigation pour générer de la biodiversité, capter du carbone et offrir le gite et le couvert a toute la faune même en oeriodecde secheresse. https://t.co/470QZeiO8J","attachments":{"media_keys":["3_1374650978461478921"]},"author_id":"829370598212194304","place_info":{"name":"Mansle","full_name":"Mansle, France","geo":{"type":"Feature","bbox":[0.1564829,45.8637655,0.1884528,45.8986491],"properties":{},"center":[0.17246785,45.8812073]},"place_type":"city","id":"110c9b31c41706b0"},"media_url":"https://pbs.twimg.com/media/ExO9yB1W8Ak_kiH.jpg"},{"text":"Aujourd'hui en fin de poste...\nToujours garder ses yeux d'enfants pour voir la beauté de la nature (faune et flore) 🤗\n#happy https://t.co/H3nrMHd8g7","id":"1374034952224931840","attachments":{"media_keys":["3_1374034936664109060"]},"geo":{"place_id":"54855bd8220bbb1e"},"created_at":"2021-03-22T16:27:15.000Z","author_id":"294462874","place_info":{"place_type":"city","id":"54855bd8220bbb1e","full_name":"Lainville-en-Vexin, France","name":"Lainville-en-Vexin","geo":{"type":"Feature","bbox":[1.7898023,49.0406701,1.8431107,49.0762518],"properties":{},"center":[1.8164565000000001,49.05846095]}},"media_url":"https://pbs.twimg.com/media/ExGNfrTXMAQeDYY.jpg"},{"text":"@MarieVadrot Une mission rapide , avec des analyses aussi très rapides !!!\nPour la grippe aviaire sur les cygnes \nSûrement une erreur de laboratoire .\nEncore une erreur !!!https://t.co/lydDITKLA9","id":"1373961042515087363","geo":{"place_id":"23228d5bb1a9835b"},"created_at":"2021-03-22T11:33:34.000Z","author_id":"1320643841754570752","place_info":{"place_type":"city","id":"23228d5bb1a9835b","full_name":"La Teste-de-Buch, France","name":"La Teste-de-Buch","geo":{"type":"Feature","bbox":[-1.263502,44.4678253,-1.103977,44.6531882],"properties":{},"center":[-1.1837395,44.56050675]}}},{"text":"@ruyame Green land 🍂🌿🌵\nC bien pour sauver la faune et flore","id":"1373904902506868737","geo":{"place_id":"014795ec58876aad"},"created_at":"2021-03-22T07:50:29.000Z","author_id":"1166148161485844480","place_info":{"place_type":"city","id":"014795ec58876aad","full_name":"Bir Mourad Raïs                                                                                    , Algeria","name":"Bir Mourad Raïs                                                                                    ","geo":{"type":"Feature","bbox":[3.00528976880753,36.6813332741354,3.11523292974834,36.7572928300462],"properties":{},"center":[3.060261349277935,36.7193130520908]}}},{"author_id":"1057951432555614209","geo":{"place_id":"01acc15d58ca71c9"},"id":"1373887657437241345","created_at":"2021-03-22T06:41:57.000Z","attachments":{"media_keys":["3_1373887578101923841","3_1373887607667630083","3_1373887650994720769"]},"text":"Visit cameroon💚♥️💛\nLake Tissongo 🚣 \nréserve de la faune Douala-edea littoral région.\n#TheTouristGUIDE\n🇨🇲 https://t.co/TBjQjDmvMH","place_info":{"id":"01acc15d58ca71c9","geo":{"type":"Feature","bbox":[9.3303881,3.2575553,11.0778974,5.3327515],"properties":{},"center":[10.204142749999999,4.2951534]},"full_name":"Littoral, Cameroon","place_type":"admin","name":"Littoral"},"media_url":"https://pbs.twimg.com/media/ExEHeR4WQAEiDmi.jpg"}]