[{"text":"@bucetacolotra @oonatureza Biólogos e outros pesquisadores deixam câmeras com sensores de movimento para fazer registros dos animais selvagens 😊😊😊🙂","created_at":"2021-03-25T12:28:24.000Z","id":"1375062007364337668","author_id":"357712103","geo":{"place_id":"012d81605af0416c"},"place_info":{"name":"Joinville","full_name":"Joinville, Brasil","id":"012d81605af0416c","geo":{"type":"Feature","bbox":[-49.1925659,-26.449305,-48.740383,-26.0740739],"properties":{},"center":[-48.96647445,-26.26168945]},"place_type":"city"}},{"text":"Os reis levam tributos ao teu templo em Jerusalém.  Repreende-os esses animais selvagens à espreita entre os juncos, essa manada d touros no meio de bezerros fracos. Faze-os trazer barras d prata como humilde tributo, dispersa as nações q têm prazer em guerrear.\n\nSl 68:29-30","created_at":"2021-03-25T04:13:00.000Z","id":"1374937336199442435","author_id":"386282605","geo":{"place_id":"c44302d542084bfe"},"place_info":{"name":"Florianópolis","full_name":"Florianópolis, Brazil","id":"c44302d542084bfe","geo":{"type":"Feature","bbox":[-48.6103127,-27.8389356,-48.3474853,-27.3804458],"properties":{},"center":[-48.478899,-27.6096907]},"place_type":"city"}},{"text":"- Políticas coordenadas de controle do desmatamento entre países amazônicos\n- Proteção direitos indígenas à terra\n- Fim ações ilegais na floresta\n- Melhora de práticas de saúde, saneamento e desenvolvimento em áreas de alta população\n- Desencorajamento comércio animais selvagens","created_at":"2021-03-24T12:34:31.000Z","id":"1374701160091766789","author_id":"82503870","geo":{"place_id":"01fbe706f872cb32"},"place_info":{"name":"Washington","full_name":"Washington, DC","id":"01fbe706f872cb32","geo":{"type":"Feature","bbox":[-77.119401,38.801826,-76.909396,38.9953797],"properties":{},"center":[-77.0143985,38.89860285]},"place_type":"city"}},{"created_at":"2021-03-23T00:13:08.000Z","author_id":"145007298","geo":{"place_id":"0bdb47219a1bda81"},"id":"1374152196724494338","text":"amigos para acampar que tenham experiência em montagem de barraca, defesa contra animais selvagens e saibam fazer fogueira 🔥⛺️ vagas abertas","place_info":{"id":"0bdb47219a1bda81","geo":{"type":"Feature","bbox":[-47.387621,-22.784927,-47.192664,-22.663191],"properties":{},"center":[-47.2901425,-22.724059]},"full_name":"Americana, Brasil","name":"Americana","place_type":"city"}},{"created_at":"2021-03-22T23:40:34.000Z","author_id":"3729744917","geo":{"place_id":"d8682c2de8fdb268"},"id":"1374143999930466312","text":"@ROBSONGlria1 @ejmorais59 @LulaOficial As jaulas não são só para os animais selvagens, mas também para vagabundos ladrões que roubaram o país e que deveriam estar presos.","place_info":{"id":"d8682c2de8fdb268","geo":{"type":"Feature","bbox":[-34.917029,-8.044543,-34.828248,-7.958542],"properties":{},"center":[-34.8726385,-8.0015425]},"full_name":"Olinda, Brasil","name":"Olinda","place_type":"city"}}]