[{"attachments":{"media_keys":["3_1375803295357411328","3_1375803295361605634"]},"geo":{"place_id":"00698bbe577bad5b"},"author_id":"259311313","created_at":"2021-03-27T13:34:02.000Z","id":"1375803300239540224","text":"#AEstaHora | Invitamos a los conductores 🚘 y pasajeros 🚌 de @TerminalesMed para que #ParemosYa y denunciemos el tráfico de fauna silvestre en #SemanaSanta y siempre. ¡Los 🐒🦜🐢 no son mascotas! #PonleElCorazón https://t.co/00MrLujrby","place_info":{"geo":{"type":"Feature","bbox":[-75.7316530015595,6.16605899574181,-75.5067729989301,6.37570699956419],"properties":{},"center":[-75.6192130002448,6.2708829976530005]},"name":"Medellín","place_type":"city","full_name":"Medellín, Colombia","id":"00698bbe577bad5b"},"media_url":"https://pbs.twimg.com/media/ExfVzsyXIAAX9oy.jpg"},{"geo":{"place_id":"01be351754bcbe13"},"author_id":"137936101","created_at":"2021-03-27T08:13:56.000Z","id":"1375722742780198912","text":"@rossihenriquez @lagardunasiglo1 Hola. Necesitas un especialista en fauna silvestre. No conozco a alguno que pueda ayudarte por esta vía. \n\n¿Alguien conoce a alguno?","place_info":{"geo":{"type":"Feature","bbox":[-71.6922913,10.5961199,-71.5895081,10.7319241],"properties":{},"center":[-71.6408997,10.664022]},"name":"Maracaibo","place_type":"city","full_name":"Maracaibo, Venezuela","id":"01be351754bcbe13"}},{"geo":{"place_id":"00698bbe577bad5b"},"author_id":"259311313","created_at":"2021-03-27T03:50:26.000Z","id":"1375656433035968512","text":"Gracias a nuestros amigos de @cornare  por ponerle el 💚 al cuidado y la prevención del tráfico de fauna silvestre 🦜🐢🌎🦊. En equipo por el desarrollo sostenible. https://t.co/BAYkaWinKy","place_info":{"geo":{"type":"Feature","bbox":[-75.7316530015595,6.16605899574181,-75.5067729989301,6.37570699956419],"properties":{},"center":[-75.6192130002448,6.2708829976530005]},"name":"Medellín","place_type":"city","full_name":"Medellín, Colombia","id":"00698bbe577bad5b"}},{"geo":{"place_id":"00698bbe577bad5b"},"author_id":"259311313","created_at":"2021-03-27T03:48:56.000Z","id":"1375656056228081664","text":"En equipo 🤝 por la protección de la fauna silvestre en esta #SemanaSanta y siempre. Así le ponemos el 💚. https://t.co/DIHYK9l7OP","place_info":{"geo":{"type":"Feature","bbox":[-75.7316530015595,6.16605899574181,-75.5067729989301,6.37570699956419],"properties":{},"center":[-75.6192130002448,6.2708829976530005]},"name":"Medellín","place_type":"city","full_name":"Medellín, Colombia","id":"00698bbe577bad5b"}},{"geo":{"place_id":"00cd0e2c57a3a838"},"author_id":"135271340","created_at":"2021-03-26T22:29:58.000Z","id":"1375575784824389646","text":"@elmochilontv Total. Conservar y proteger la fauna silvestre es tarea de todos.","place_info":{"geo":{"type":"Feature","bbox":[-75.3672669968785,8.4119399982593,-74.9834330023868,8.74824399591339],"properties":{},"center":[-75.17534999963266,8.580091997086345]},"name":"San Marcos","place_type":"city","full_name":"San Marcos, Colombia","id":"00cd0e2c57a3a838"}},{"attachments":{"media_keys":["3_1375533168615362564","3_1375533173589876742","3_1375533179013070852"]},"geo":{"place_id":"07d9db5e90088000"},"author_id":"889545765810577410","created_at":"2021-03-26T19:40:41.000Z","id":"1375533181319909378","text":"En el Grupo Aeroportuario de Chiapas contamos con un Plan de Manejo de Control de la Fauna.\nTodo esto a través de un equipo técnico, conformado por biólogos y médicos veterinarios, altamente capacitados en el manejo de fauna silvestre, así como certificaciones internacionales. https://t.co/MZLHsFXkf2","place_info":{"geo":{"type":"Feature","bbox":[-93.01959724587988,16.560903255187167,-93.01959724587988,16.560903255187167],"properties":{},"center":[-93.01959724587988,16.560903255187167]},"name":"Aeropuerto Internacional de Tuxtla Gutierrez Ángel Albino Corzo (TGZ)","place_type":"poi","full_name":"Aeropuerto Internacional de Tuxtla Gutierrez Ángel Albino Corzo (TGZ)","id":"07d9db5e90088000"},"media_url":"https://pbs.twimg.com/media/ExbgIQQWEAQf4cq.jpg"},{"geo":{"place_id":"01804f5033cd50c1"},"author_id":"259311313","created_at":"2021-03-26T14:20:32.000Z","id":"1375452613525782535","text":"Hay historias que no quisiéramos contar 😔, porque son el resultado del tráfico, el maltrato, el atropellamiento, el secuestro y la cacería de fauna silvestre, pero lo hacemos #ConElCorazón porque es importante que #ParemosYa y los dejemos en libertad. https://t.co/c14M4PDjWl","place_info":{"geo":{"type":"Feature","bbox":[-75.521552001644,6.20660800218296,-75.3697069982283,6.33676499542738],"properties":{},"center":[-75.44562949993615,6.27168649880517]},"name":"Guarne","place_type":"city","full_name":"Guarne, Colombia","id":"01804f5033cd50c1"}},{"attachments":{"media_keys":["3_1375410317186977792"]},"geo":{"place_id":"00698bbe577bad5b"},"author_id":"259311313","created_at":"2021-03-26T11:32:29.000Z","id":"1375410322727706627","text":"En minutos #AntioquiaMásViva por @Teleantioquia, conéctate a las 7:00  🕖 a.m. y conversemos acerca de la importancia de proteger la fauna silvestre 🦜🐢💚🌎 durante esta #SemanaSanta y siempre. https://t.co/Pb8VVZBsHO","place_info":{"geo":{"type":"Feature","bbox":[-75.7316530015595,6.16605899574181,-75.5067729989301,6.37570699956419],"properties":{},"center":[-75.6192130002448,6.2708829976530005]},"name":"Medellín","place_type":"city","full_name":"Medellín, Colombia","id":"00698bbe577bad5b"},"media_url":"https://pbs.twimg.com/media/ExZwZXBWUAAi0lV.jpg"},{"geo":{"coordinates":{"type":"Point","coordinates":[-102.34143731,21.94435579]},"place_id":"f9f94f200182c9e5"},"author_id":"354591550","created_at":"2021-03-26T06:27:14.000Z","id":"1375333502464499712","text":"Contamos con experiencia en la ejecución de programas para el Rescate y Reubicación de Fauna Silvestre #CieloClaro #FaunaSilvestre #Aguascalientes #México en Aguascalientes, Mexico https://t.co/uKYQkYzkWu","place_info":{"geo":{"type":"Feature","bbox":[-102.597969,21.8054181,-102.260394,22.0628731],"properties":{},"center":[-102.4291815,21.9341456]},"name":"Jesús María","place_type":"city","full_name":"Jesús María, Aguascalientes","id":"f9f94f200182c9e5"}},{"attachments":{"media_keys":["7_1375223612844695552"]},"geo":{"place_id":"00698bbe577bad5b"},"author_id":"259311313","created_at":"2021-03-25T23:10:47.000Z","id":"1375223666745741318","text":"Conéctate a #AntioquiaMásViva y conversemos acerca de la importancia de proteger la fauna silvestre 🦜🐢💚🌎 durante esta #SemanaSanta. @amoramartinez1 https://t.co/7yGuXx85Y9","place_info":{"geo":{"type":"Feature","bbox":[-75.7316530015595,6.16605899574181,-75.5067729989301,6.37570699956419],"properties":{},"center":[-75.6192130002448,6.2708829976530005]},"name":"Medellín","place_type":"city","full_name":"Medellín, Colombia","id":"00698bbe577bad5b"},"media_url":"https://pbs.twimg.com/ext_tw_video_thumb/1375223612844695552/pu/img/so09PnW8xzW-jEjO.jpg"},{"created_at":"2021-03-25T17:17:29.000Z","id":"1375134757181329418","geo":{"place_id":"9d8ae4b0fac2036a"},"text":"@BCBRP @PayoPanama @ProtegeryServir @MiAmbientePma @panamamunicipio @raisabanfield @tvnnoticias @TReporta @nexnoticias @alconpty2015 @ENSApanama Sabemos que están ocupados y siempre agradeceremos la buena disposición que tienen para con la fauna silvestre. Gracias!","author_id":"168348502","place_info":{"id":"9d8ae4b0fac2036a","place_type":"country","full_name":"Panama","geo":{"type":"Feature","bbox":[-83.051445,7.20386,-77.13939,9.6394858],"properties":{},"center":[-80.0954175,8.421672899999999]},"name":"Panama"}},{"created_at":"2021-03-25T15:05:37.000Z","id":"1375101570161999876","attachments":{"media_keys":["3_1375101560179556354","3_1375101560179548162","3_1375101560187944964","3_1375101560187936771"]},"geo":{"place_id":"00698bbe577bad5b"},"text":"Después de 6️⃣0️⃣ años, el Zoológico Santa Fe de Medellín, perteneciente a la Sociedad de Mejoras Públicas de Medellín, se transformó en el Parque de la Conservación, un centro para la protección de la fauna silvestre. 🦁🐼🐘🦒🦍\n\n📸 Fotos: @pqconservacion \n\n#MiDestinoco https://t.co/JYCXlohJmk","author_id":"550443621","place_info":{"id":"00698bbe577bad5b","place_type":"city","full_name":"Medellín, Colombia","geo":{"type":"Feature","bbox":[-75.7316530015595,6.16605899574181,-75.5067729989301,6.37570699956419],"properties":{},"center":[-75.6192130002448,6.2708829976530005]},"name":"Medellín"},"media_url":"https://pbs.twimg.com/media/ExVXlViWgAI-M4K.jpg"},{"author_id":"189124591","geo":{"place_id":"0177bc687a9ac697"},"id":"1374773534468214787","created_at":"2021-03-24T17:22:07.000Z","text":"@munecamarce Ciudadanos y hasta algunas instituciones se acostumbraron a abandonarlos en bosques y parques nacionales. \nAl darse cuenta de su grosero error, empezaron a colocar veneno y también afectaron a la fauna silvestre. Adivinen dónde inicia el daño?? Y sabiendo NO hacemos nada 😤😤","place_info":{"id":"0177bc687a9ac697","geo":{"type":"Feature","bbox":[-78.948465999276,-0.588618000469648,-78.1648970044175,0.255476999458879],"properties":{},"center":[-78.55668150184675,-0.1665705005053845]},"full_name":"Quito, Ecuador","place_type":"city","name":"Quito"}},{"author_id":"270979066","geo":{"place_id":"00698bbe577bad5b"},"id":"1374736955410354192","created_at":"2021-03-24T14:56:46.000Z","text":"Reforzar los lineamientos de política pública alrededor de la protección de la fauna y flora silvestre de #BogotáRegión, mediante el Proyecto #BogotáEsTuFloraYFauna, otorgaría más herramientas para mitigar el impacto del tráfico de especies @Ambientebogota @SosSemana https://t.co/vEbwygqSWd","place_info":{"id":"00698bbe577bad5b","geo":{"type":"Feature","bbox":[-75.7316530015595,6.16605899574181,-75.5067729989301,6.37570699956419],"properties":{},"center":[-75.6192130002448,6.2708829976530005]},"full_name":"Medellín, Colombia","place_type":"city","name":"Medellín"}},{"author_id":"2861882331","geo":{"place_id":"01d7cf12131e9a64"},"id":"1374474599463743491","created_at":"2021-03-23T21:34:15.000Z","attachments":{"media_keys":["3_1374474582342524928","3_1374474587270909952","3_1374474596775161861"]},"text":"Se cumple entrega voluntaria de galápagas, micos, picures, morrocos, loros, entre otras especies de fauna silvestre, por parte de la Policía Ambiental y Corporinoquia.\nhttps://t.co/ob7HTmg4NK https://t.co/Q99OY4svjR","place_info":{"id":"01d7cf12131e9a64","geo":{"type":"Feature","bbox":[-72.5776829984679,4.8724340007554,-71.9564659976255,5.54471500279402],"properties":{},"center":[-72.2670744980467,5.20857450177471]},"full_name":"Yopal, Colombia","place_type":"city","name":"Yopal"},"media_url":"https://pbs.twimg.com/media/ExMdWbFUYAAE4YF.jpg"},{"id":"1374280478165975043","created_at":"2021-03-23T08:42:53.000Z","geo":{"place_id":"bf85d466679f77f0","coordinates":{"type":"Point","coordinates":[-18.0163544,27.7526787]}},"author_id":"629205455","text":"Serinus canarius.\nCanario silvestre.\nProtección convenio de Berna. Anexo III\nEndémico de la Macaronesia.\n#elhierro #isladelmeridiano #elhierroisland @i_love_elhierro #made_in_canary_ @florayfauna.es #faunayflora #fauna https://t.co/7k0yWrINFw","place_info":{"geo":{"type":"Feature","bbox":[-18.1606948,27.6377504,-17.9596729,27.8219918],"properties":{},"center":[-18.06018385,27.7298711]},"full_name":"Frontera, España","name":"Frontera","id":"bf85d466679f77f0","place_type":"city"}},{"created_at":"2021-03-22T15:41:24.000Z","id":"1374023414806159361","attachments":{"media_keys":["3_1374023408414031872"]},"geo":{"place_id":"01d762c922022ddb"},"text":"Es la esencia vital para la conservación y protección de la fauna y flora silvestre en los bosques, páramos y humedales de Bogotá y la región. \n\n#DiaMundialDelAgua #BogotáEsTuFloraYFauna https://t.co/EkivaF1hY1","author_id":"270979066","place_info":{"id":"01d762c922022ddb","place_type":"city","full_name":"Jardín, Colombia","geo":{"type":"Feature","bbox":[-75.9031749992744,5.5002439956491,-75.7567339995052,5.68069999920398],"properties":{},"center":[-75.8299544993898,5.59047199742654]},"name":"Jardín"},"media_url":"https://pbs.twimg.com/media/ExGDApOXAAA0nrc.jpg"},{"created_at":"2021-03-22T14:16:26.000Z","id":"1374002031229292544","geo":{"place_id":"d3492c68c5661201"},"text":"•No hay plantas que retengan el agua para que se filtre al subsuelo y forme o recupere mantos freáticos.\n•Desaparece el hábitat de la fauna silvestre.","author_id":"1115631820161175552","place_info":{"id":"d3492c68c5661201","place_type":"city","full_name":"Querétaro, Querétaro Arteaga","geo":{"type":"Feature","bbox":[-100.5963431,20.5031701,-100.284846,20.9273791],"properties":{},"center":[-100.44059455,20.7152746]},"name":"Querétaro"}},{"created_at":"2021-03-21T22:58:59.000Z","id":"1373771148282978316","attachments":{"media_keys":["3_1373771128406163462","3_1373771137285562372","3_1373771146194268161"]},"geo":{"place_id":"00c50e6b5af808d1"},"text":"En el día mundial de los bosques, resalto la importancia de los bosques emblemáticos de mi municipio, los bosques protectores de los Caños Camoa e Iracá, bosques que garantizan la seguridad alimentaria de nuestra fauna silvestre.\n¡Orgullosamente Sanmartinera! https://t.co/r5ilyjQ9fB","author_id":"2424110936","place_info":{"id":"00c50e6b5af808d1","place_type":"city","full_name":"San Martín, Colombia","geo":{"type":"Feature","bbox":[-73.7780019998047,3.21144999792238,-72.2836430022383,3.76914800227739],"properties":{},"center":[-73.0308225010215,3.490299000099885]},"name":"San Martín"},"media_url":"https://pbs.twimg.com/media/ExCdkA9WQAYBVYp.jpg"}]