[{"created_at":"2021-03-27T15:31:47.000Z","geo":{"place_id":"01f1590f1868829d","coordinates":{"type":"Point","coordinates":[99.8512868,15.38666306]}},"author_id":"90381715","text":"ดุ๊กดิ๊กๆ🙃 @ สถานีวิจัยสัตว์ป่าเขานางรำ ห้วยขาแข้ง https://t.co/JlniwaApFX","id":"1375832931281870849","place_info":{"full_name":"Nong Chang, Thailand","place_type":"city","name":"Nong Chang","id":"01f1590f1868829d","geo":{"type":"Feature","bbox":[99.8432829,15.37955,99.8565293,15.3899709],"properties":{},"center":[99.8499061,15.38476045]}}},{"created_at":"2021-03-27T11:17:31.000Z","geo":{"place_id":"01f1590f1868829d","coordinates":{"type":"Point","coordinates":[99.8512868,15.38666306]}},"author_id":"90381715","text":"🐝🐜🦌🐘🦜🐿 @ สถานีวิจัยสัตว์ป่าเขานางรำ ห้วยขาแข้ง https://t.co/A1Nn9EzWS2","id":"1375768942644506625","place_info":{"full_name":"Nong Chang, Thailand","place_type":"city","name":"Nong Chang","id":"01f1590f1868829d","geo":{"type":"Feature","bbox":[99.8432829,15.37955,99.8565293,15.3899709],"properties":{},"center":[99.8499061,15.38476045]}}},{"text":"เฮือนฮังต่อ...เครื่องดื่ม ท่ามกลางธรรมชาติ ปลาคราฟ สัตว์ป่านาๆชนิด @ เฮือนฮังต่อ กาแฟน่าน https://t.co/ejji3ZXnzV","geo":{"place_id":"00b6ca9b6acc0d2a","coordinates":{"type":"Point","coordinates":[100.77039421,18.78966289]}},"id":"1375078407289982977","created_at":"2021-03-25T13:33:34.000Z","author_id":"458205797","place_info":{"full_name":"Nan, Thailand","name":"Nan","geo":{"type":"Feature","bbox":[100.7602289,18.7643223,100.7805176,18.8082545],"properties":{},"center":[100.77037325,18.7862884]},"place_type":"city","id":"00b6ca9b6acc0d2a"}},{"text":"เต่าหก\nเป็นสัตว์ป่าคุ้มครอง\n#ข่าวใส่ไข่","geo":{"place_id":"011176c87a952eae"},"id":"1375047316910968836","created_at":"2021-03-25T11:30:02.000Z","author_id":"72214327","place_info":{"full_name":"Khlong Chao Khun Sing, Thailand","name":"Khlong Chao Khun Sing","geo":{"type":"Feature","bbox":[100.6082336,13.775088,100.6305246,13.8001591],"properties":{},"center":[100.6193791,13.78762355]},"place_type":"city","id":"011176c87a952eae"}},{"geo":{"place_id":"0028b1140dd08599","coordinates":{"type":"Point","coordinates":[98.82,9.148]}},"author_id":"85225582","id":"1374024640645922820","text":"22 March #worlddayforwater #water #waterfall #flow #nature #forest #rocks #wildlifesanctuary #p20prophotography #zubeejourney #happyplace #tb #naturecalling #webstagram @ เขตรักษาพันธุ์สัตว์ป่าคลองยัน https://t.co/mmBTq5QZ5k","created_at":"2021-03-22T15:46:17.000Z","place_info":{"geo":{"type":"Feature","bbox":[98.7711642,8.7823252,99.0819806,9.2046741],"properties":{},"center":[98.9265724,8.99349965]},"full_name":"Amphoe Khiri Rat Nikhom, Surat Thani Province","id":"0028b1140dd08599","name":"Amphoe Khiri Rat Nikhom","place_type":"admin"}}]